flavour	Measured $\xi_{1\sigma}$
$\Sigma$	0.7833333333333333
gluon	0.6777777777777777
V	0.7611111111111111
V3	0.6888888888888888
V8	0.8000000000000002
T3	0.9055555555555556
T8	0.6
Total	0.7888888888888889
